id_film,titre,description,annee_de_sortie,genre,realisateur
1,Higher.Power,Depuis la mort de sa femme Joseph Steadman a tout perdu..,2018,Science fiction Action,Matthew Charles Santoro
2,Patience Zero,Dans un monde ravager par une apocalipse Zombie,2018,Epouvante Horreur,Stefan Ruzowitzky
3,Bitcoin big bang,dans l'atente d'un jugement qui ne viendra que lors de l'avouement de se crime,Documentaire,Xavier Sayanoff Vicen Gonon
4,high school girls,resumer,2018,Comedie,Erwin Van den
5,Gardien de la Prophetie,resumer,2018,Fantastique,Mikkel Braenne
6,Coup de foudre jaipur,resumer,2016,Romance Comedie,Arnauld Mercadier
6,Harry potter,resumer,1997,Aventure,Chris columbus
7,Shrek,resumer,2001,animation,Andrew Adamson
8,Gotti le Parrain,resumer,2018,Biopic,Kelvin connoly
